"DateTime","AU1606.SHF","AU1612.SHF","AU1706.SHF","AU1712.SHF","AU1806.SHF","AU1812.SHF","AU1906.SHF"
2016-01-04,115918,380,NaN,NaN,NaN,NaN,NaN
2016-01-05,262396,638,NaN,NaN,NaN,NaN,NaN
2016-01-06,269668,246,NaN,NaN,NaN,NaN,NaN
2016-01-07,475962,1050,NaN,NaN,NaN,NaN,NaN
2016-01-08,378540,260,NaN,NaN,NaN,NaN,NaN
2016-01-11,353852,236,NaN,NaN,NaN,NaN,NaN
2016-01-12,295580,888,NaN,NaN,NaN,NaN,NaN
2016-01-13,237332,366,NaN,NaN,NaN,NaN,NaN
2016-01-14,316336,406,NaN,NaN,NaN,NaN,NaN
2016-01-15,263662,552,NaN,NaN,NaN,NaN,NaN
2016-01-18,334226,592,NaN,NaN,NaN,NaN,NaN
2016-01-19,148870,258,NaN,NaN,NaN,NaN,NaN
2016-01-20,178390,290,NaN,NaN,NaN,NaN,NaN
2016-01-21,299478,756,NaN,NaN,NaN,NaN,NaN
2016-01-22,239830,556,NaN,NaN,NaN,NaN,NaN
2016-01-25,199426,654,NaN,NaN,NaN,NaN,NaN
2016-01-26,248890,1108,NaN,NaN,NaN,NaN,NaN
2016-01-27,238910,1174,NaN,NaN,NaN,NaN,NaN
2016-01-28,201368,1342,NaN,NaN,NaN,NaN,NaN
2016-01-29,232398,488,NaN,NaN,NaN,NaN,NaN
2016-02-01,199550,450,NaN,NaN,NaN,NaN,NaN
2016-02-02,184274,1040,NaN,NaN,NaN,NaN,NaN
2016-02-03,197552,700,NaN,NaN,NaN,NaN,NaN
2016-02-04,268622,1226,NaN,NaN,NaN,NaN,NaN
2016-02-05,225544,2056,NaN,NaN,NaN,NaN,NaN
2016-02-15,190718,2668,NaN,NaN,NaN,NaN,NaN
2016-02-16,309996,3586,NaN,NaN,NaN,NaN,NaN
2016-02-17,397254,2680,NaN,NaN,NaN,NaN,NaN
2016-02-18,310824,1336,NaN,NaN,NaN,NaN,NaN
2016-02-19,369542,4576,NaN,NaN,NaN,NaN,NaN
2016-02-22,468326,5828,NaN,NaN,NaN,NaN,NaN
2016-02-23,374288,4384,NaN,NaN,NaN,NaN,NaN
2016-02-24,449322,4110,NaN,NaN,NaN,NaN,NaN
2016-02-25,797662,12156,NaN,NaN,NaN,NaN,NaN
2016-02-26,608646,10070,NaN,NaN,NaN,NaN,NaN
2016-02-29,756284,6616,NaN,NaN,NaN,NaN,NaN
2016-03-01,552970,8112,NaN,NaN,NaN,NaN,NaN
2016-03-02,637386,6880,NaN,NaN,NaN,NaN,NaN
2016-03-03,520756,4934,NaN,NaN,NaN,NaN,NaN
2016-03-04,627072,10256,NaN,NaN,NaN,NaN,NaN
2016-03-07,896440,10570,NaN,NaN,NaN,NaN,NaN
2016-03-08,535820,8908,NaN,NaN,NaN,NaN,NaN
2016-03-09,513264,8738,NaN,NaN,NaN,NaN,NaN
2016-03-10,530230,15624,NaN,NaN,NaN,NaN,NaN
2016-03-11,868980,12150,NaN,NaN,NaN,NaN,NaN
2016-03-14,544586,9416,NaN,NaN,NaN,NaN,NaN
2016-03-15,586332,10416,NaN,NaN,NaN,NaN,NaN
2016-03-16,402560,8286,NaN,NaN,NaN,NaN,NaN
2016-03-17,500638,9484,NaN,NaN,NaN,NaN,NaN
2016-03-18,403442,9054,NaN,NaN,NaN,NaN,NaN
2016-03-21,340072,7158,NaN,NaN,NaN,NaN,NaN
2016-03-22,263124,6022,NaN,NaN,NaN,NaN,NaN
2016-03-23,331106,7152,NaN,NaN,NaN,NaN,NaN
2016-03-24,380646,11862,NaN,NaN,NaN,NaN,NaN
2016-03-25,164146,3068,NaN,NaN,NaN,NaN,NaN
2016-03-28,147416,6588,NaN,NaN,NaN,NaN,NaN
2016-03-29,185942,5808,NaN,NaN,NaN,NaN,NaN
2016-03-30,378770,11628,NaN,NaN,NaN,NaN,NaN
2016-03-31,269920,15804,NaN,NaN,NaN,NaN,NaN
2016-04-01,232786,9404,NaN,NaN,NaN,NaN,NaN
2016-04-05,95420,7666,NaN,NaN,NaN,NaN,NaN
2016-04-06,194794,7646,NaN,NaN,NaN,NaN,NaN
2016-04-07,227246,9024,NaN,NaN,NaN,NaN,NaN
2016-04-08,257602,13430,NaN,NaN,NaN,NaN,NaN
2016-04-11,245542,13834,NaN,NaN,NaN,NaN,NaN
2016-04-12,189268,14486,NaN,NaN,NaN,NaN,NaN
2016-04-13,268234,25724,NaN,NaN,NaN,NaN,NaN
2016-04-14,273610,22788,NaN,NaN,NaN,NaN,NaN
2016-04-15,236076,18716,NaN,NaN,NaN,NaN,NaN
2016-04-18,217164,18266,NaN,NaN,NaN,NaN,NaN
2016-04-19,239320,23892,NaN,NaN,NaN,NaN,NaN
2016-04-20,325448,33158,NaN,NaN,NaN,NaN,NaN
2016-04-21,350660,50924,NaN,NaN,NaN,NaN,NaN
2016-04-22,401306,61342,NaN,NaN,NaN,NaN,NaN
2016-04-25,372910,51474,NaN,NaN,NaN,NaN,NaN
2016-04-26,172382,35878,NaN,NaN,NaN,NaN,NaN
2016-04-27,253034,58272,NaN,NaN,NaN,NaN,NaN
2016-04-28,342874,100298,NaN,NaN,NaN,NaN,NaN
2016-04-29,347256,142898,NaN,NaN,NaN,NaN,NaN
2016-05-03,152216,91622,NaN,NaN,NaN,NaN,NaN
2016-05-04,186568,166064,NaN,NaN,NaN,NaN,NaN
2016-05-05,147672,168280,NaN,NaN,NaN,NaN,NaN
2016-05-06,111378,257778,NaN,NaN,NaN,NaN,NaN
2016-05-09,113192,364526,NaN,NaN,NaN,NaN,NaN
2016-05-10,69624,269504,NaN,NaN,NaN,NaN,NaN
2016-05-11,48084,252092,NaN,NaN,NaN,NaN,NaN
2016-05-12,40030,195620,NaN,NaN,NaN,NaN,NaN
2016-05-13,52394,309730,NaN,NaN,NaN,NaN,NaN
2016-05-16,40430,297706,NaN,NaN,NaN,NaN,NaN
2016-05-17,36372,278192,0,NaN,NaN,NaN,NaN
2016-05-18,23614,236438,26,NaN,NaN,NaN,NaN
2016-05-19,37442,362390,44,NaN,NaN,NaN,NaN
2016-05-20,19546,229012,54,NaN,NaN,NaN,NaN
2016-05-23,21136,237010,22,NaN,NaN,NaN,NaN
2016-05-24,21908,244742,6,NaN,NaN,NaN,NaN
2016-05-25,23334,318086,44,NaN,NaN,NaN,NaN
2016-05-26,20132,236722,16,NaN,NaN,NaN,NaN
2016-05-27,17426,282392,32,NaN,NaN,NaN,NaN
2016-05-30,19648,298804,64,NaN,NaN,NaN,NaN
2016-05-31,12386,207452,94,NaN,NaN,NaN,NaN
2016-06-01,1796,224472,92,NaN,NaN,NaN,NaN
2016-06-02,1338,206500,64,NaN,NaN,NaN,NaN
2016-06-03,984,148472,42,NaN,NaN,NaN,NaN
2016-06-06,1326,298338,182,NaN,NaN,NaN,NaN
2016-06-07,918,183862,126,NaN,NaN,NaN,NaN
2016-06-08,1296,161948,74,NaN,NaN,NaN,NaN
2016-06-13,204,181804,362,NaN,NaN,NaN,NaN
2016-06-14,642,210538,342,NaN,NaN,NaN,NaN
2016-06-15,0,253134,360,NaN,NaN,NaN,NaN
2016-06-16,NaN,363092,1002,NaN,NaN,NaN,NaN
2016-06-17,NaN,546056,822,NaN,NaN,NaN,NaN
2016-06-20,NaN,327082,296,NaN,NaN,NaN,NaN
2016-06-21,NaN,252118,238,NaN,NaN,NaN,NaN
2016-06-22,NaN,275022,256,NaN,NaN,NaN,NaN
2016-06-23,NaN,240326,166,NaN,NaN,NaN,NaN
2016-06-24,NaN,997696,1902,NaN,NaN,NaN,NaN
2016-06-27,NaN,580666,1180,NaN,NaN,NaN,NaN
2016-06-28,NaN,325764,328,NaN,NaN,NaN,NaN
2016-06-29,NaN,300974,378,NaN,NaN,NaN,NaN
2016-06-30,NaN,287436,724,NaN,NaN,NaN,NaN
2016-07-01,NaN,445956,788,NaN,NaN,NaN,NaN
2016-07-04,NaN,558068,1136,NaN,NaN,NaN,NaN
2016-07-05,NaN,344286,674,NaN,NaN,NaN,NaN
2016-07-06,NaN,542390,1544,NaN,NaN,NaN,NaN
2016-07-07,NaN,341338,888,NaN,NaN,NaN,NaN
2016-07-08,NaN,337310,534,NaN,NaN,NaN,NaN
2016-07-11,NaN,434348,906,NaN,NaN,NaN,NaN
2016-07-12,NaN,252080,912,NaN,NaN,NaN,NaN
2016-07-13,NaN,450672,1432,NaN,NaN,NaN,NaN
2016-07-14,NaN,304580,504,NaN,NaN,NaN,NaN
2016-07-15,NaN,277810,572,NaN,NaN,NaN,NaN
2016-07-18,NaN,303768,460,NaN,NaN,NaN,NaN
2016-07-19,NaN,239612,444,NaN,NaN,NaN,NaN
2016-07-20,NaN,219452,604,NaN,NaN,NaN,NaN
2016-07-21,NaN,263726,1354,NaN,NaN,NaN,NaN
2016-07-22,NaN,284348,442,NaN,NaN,NaN,NaN
2016-07-25,NaN,194602,448,NaN,NaN,NaN,NaN
2016-07-26,NaN,197578,554,NaN,NaN,NaN,NaN
2016-07-27,NaN,170012,816,NaN,NaN,NaN,NaN
2016-07-28,NaN,282092,664,NaN,NaN,NaN,NaN
2016-07-29,NaN,218240,484,NaN,NaN,NaN,NaN
2016-08-01,NaN,263120,536,NaN,NaN,NaN,NaN
2016-08-02,NaN,186350,570,NaN,NaN,NaN,NaN
2016-08-03,NaN,182442,430,NaN,NaN,NaN,NaN
2016-08-04,NaN,229126,500,NaN,NaN,NaN,NaN
2016-08-05,NaN,189834,674,NaN,NaN,NaN,NaN
2016-08-08,NaN,260816,1676,NaN,NaN,NaN,NaN
2016-08-09,NaN,133298,1178,NaN,NaN,NaN,NaN
2016-08-10,NaN,208638,1248,NaN,NaN,NaN,NaN
2016-08-11,NaN,218884,1694,NaN,NaN,NaN,NaN
2016-08-12,NaN,207452,1376,NaN,NaN,NaN,NaN
2016-08-15,NaN,276634,1610,NaN,NaN,NaN,NaN
2016-08-16,NaN,168358,5036,NaN,NaN,NaN,NaN
2016-08-17,NaN,220036,3306,NaN,NaN,NaN,NaN
2016-08-18,NaN,202202,3288,NaN,NaN,NaN,NaN
2016-08-19,NaN,159760,3300,NaN,NaN,NaN,NaN
2016-08-22,NaN,230778,2736,NaN,NaN,NaN,NaN
2016-08-23,NaN,105430,1364,NaN,NaN,NaN,NaN
2016-08-24,NaN,134914,2508,NaN,NaN,NaN,NaN
2016-08-25,NaN,192890,1852,NaN,NaN,NaN,NaN
2016-08-26,NaN,118746,1388,NaN,NaN,NaN,NaN
2016-08-29,NaN,418364,4236,NaN,NaN,NaN,NaN
2016-08-30,NaN,143950,1112,NaN,NaN,NaN,NaN
2016-08-31,NaN,197694,2166,NaN,NaN,NaN,NaN
2016-09-01,NaN,166752,2980,NaN,NaN,NaN,NaN
2016-09-02,NaN,214742,1802,NaN,NaN,NaN,NaN
2016-09-05,NaN,227614,2726,NaN,NaN,NaN,NaN
2016-09-06,NaN,77624,1766,NaN,NaN,NaN,NaN
2016-09-07,NaN,237860,4862,NaN,NaN,NaN,NaN
2016-09-08,NaN,131246,1900,NaN,NaN,NaN,NaN
2016-09-09,NaN,179550,3884,NaN,NaN,NaN,NaN
2016-09-12,NaN,183842,4358,NaN,NaN,NaN,NaN
2016-09-13,NaN,190612,2168,NaN,NaN,NaN,NaN
2016-09-14,NaN,173902,3108,NaN,NaN,NaN,NaN
2016-09-19,NaN,84438,1922,NaN,NaN,NaN,NaN
2016-09-20,NaN,103348,1518,NaN,NaN,NaN,NaN
2016-09-21,NaN,152780,5096,NaN,NaN,NaN,NaN
2016-09-22,NaN,208376,5018,NaN,NaN,NaN,NaN
2016-09-23,NaN,169772,4514,NaN,NaN,NaN,NaN
2016-09-26,NaN,126784,3626,NaN,NaN,NaN,NaN
2016-09-27,NaN,135572,2712,NaN,NaN,NaN,NaN
2016-09-28,NaN,173412,5068,NaN,NaN,NaN,NaN
2016-09-29,NaN,133208,4074,NaN,NaN,NaN,NaN
2016-09-30,NaN,125074,3466,NaN,NaN,NaN,NaN
2016-10-10,NaN,151026,8808,NaN,NaN,NaN,NaN
2016-10-11,NaN,180290,9186,NaN,NaN,NaN,NaN
2016-10-12,NaN,142370,8962,NaN,NaN,NaN,NaN
2016-10-13,NaN,211380,6780,NaN,NaN,NaN,NaN
2016-10-14,NaN,156426,7096,NaN,NaN,NaN,NaN
2016-10-17,NaN,194610,11458,NaN,NaN,NaN,NaN
2016-10-18,NaN,150702,11098,NaN,NaN,NaN,NaN
2016-10-19,NaN,136832,12006,NaN,NaN,NaN,NaN
2016-10-20,NaN,156082,9314,NaN,NaN,NaN,NaN
2016-10-21,NaN,165012,8866,NaN,NaN,NaN,NaN
2016-10-24,NaN,130816,19834,NaN,NaN,NaN,NaN
2016-10-25,NaN,170374,21440,NaN,NaN,NaN,NaN
2016-10-26,NaN,186498,43338,NaN,NaN,NaN,NaN
2016-10-27,NaN,154518,34970,NaN,NaN,NaN,NaN
2016-10-28,NaN,146162,33092,NaN,NaN,NaN,NaN
2016-10-31,NaN,231556,47570,NaN,NaN,NaN,NaN
2016-11-01,NaN,122000,48358,NaN,NaN,NaN,NaN
2016-11-02,NaN,142370,56654,NaN,NaN,NaN,NaN
2016-11-03,NaN,153342,62574,NaN,NaN,NaN,NaN
2016-11-04,NaN,135836,64678,NaN,NaN,NaN,NaN
2016-11-07,NaN,134896,68358,NaN,NaN,NaN,NaN
2016-11-08,NaN,98046,68224,NaN,NaN,NaN,NaN
2016-11-09,NaN,429826,270780,NaN,NaN,NaN,NaN
2016-11-10,NaN,231386,217030,NaN,NaN,NaN,NaN
2016-11-11,NaN,172052,248716,NaN,NaN,NaN,NaN
2016-11-14,NaN,148832,360232,NaN,NaN,NaN,NaN
2016-11-15,NaN,70400,245686,NaN,NaN,NaN,NaN
2016-11-16,NaN,43040,180050,36,NaN,NaN,NaN
2016-11-17,NaN,25162,136938,10,NaN,NaN,NaN
2016-11-18,NaN,38362,216120,42,NaN,NaN,NaN
2016-11-21,NaN,27188,189682,20,NaN,NaN,NaN
2016-11-22,NaN,28136,179428,0,NaN,NaN,NaN
2016-11-23,NaN,22556,177860,14,NaN,NaN,NaN
2016-11-24,NaN,33976,340644,30,NaN,NaN,NaN
2016-11-25,NaN,18860,253516,62,NaN,NaN,NaN
2016-11-28,NaN,22940,256832,26,NaN,NaN,NaN
2016-11-29,NaN,15768,204490,34,NaN,NaN,NaN
2016-11-30,NaN,17014,200036,44,NaN,NaN,NaN
2016-12-01,NaN,6556,318392,82,NaN,NaN,NaN
2016-12-02,NaN,2136,206838,46,NaN,NaN,NaN
2016-12-05,NaN,1608,289230,60,NaN,NaN,NaN
2016-12-06,NaN,2538,234960,90,NaN,NaN,NaN
2016-12-07,NaN,1368,170588,30,NaN,NaN,NaN
2016-12-08,NaN,1164,244680,154,NaN,NaN,NaN
2016-12-09,NaN,888,177508,64,NaN,NaN,NaN
2016-12-12,NaN,2862,203912,112,NaN,NaN,NaN
2016-12-13,NaN,132,173102,106,NaN,NaN,NaN
2016-12-14,NaN,126,247566,776,NaN,NaN,NaN
2016-12-15,NaN,0,312470,2448,NaN,NaN,NaN
2016-12-16,NaN,NaN,235872,1486,NaN,NaN,NaN
2016-12-19,NaN,NaN,172448,864,NaN,NaN,NaN
2016-12-20,NaN,NaN,157024,636,NaN,NaN,NaN
2016-12-21,NaN,NaN,208540,1138,NaN,NaN,NaN
2016-12-22,NaN,NaN,119052,684,NaN,NaN,NaN
2016-12-23,NaN,NaN,155500,816,NaN,NaN,NaN
2016-12-26,NaN,NaN,127840,850,NaN,NaN,NaN
2016-12-27,NaN,NaN,132016,446,NaN,NaN,NaN
2016-12-28,NaN,NaN,172420,1388,NaN,NaN,NaN
2016-12-29,NaN,NaN,217154,2770,NaN,NaN,NaN
2016-12-30,NaN,NaN,257682,1512,NaN,NaN,NaN
2017-01-03,NaN,NaN,134748,1762,NaN,NaN,NaN
2017-01-04,NaN,NaN,237240,2186,NaN,NaN,NaN
2017-01-05,NaN,NaN,281262,1420,NaN,NaN,NaN
2017-01-06,NaN,NaN,231806,3846,NaN,NaN,NaN
2017-01-09,NaN,NaN,175304,1040,NaN,NaN,NaN
2017-01-10,NaN,NaN,201672,878,NaN,NaN,NaN
2017-01-11,NaN,NaN,183268,1312,NaN,NaN,NaN
2017-01-12,NaN,NaN,342304,7460,NaN,NaN,NaN
2017-01-13,NaN,NaN,185390,1456,NaN,NaN,NaN
2017-01-16,NaN,NaN,215196,3142,NaN,NaN,NaN
2017-01-17,NaN,NaN,158070,1772,NaN,NaN,NaN
2017-01-18,NaN,NaN,194254,2626,NaN,NaN,NaN
2017-01-19,NaN,NaN,176830,6210,NaN,NaN,NaN
2017-01-20,NaN,NaN,159596,2346,NaN,NaN,NaN
2017-01-23,NaN,NaN,175522,1634,NaN,NaN,NaN
2017-01-24,NaN,NaN,119818,1358,NaN,NaN,NaN
2017-01-25,NaN,NaN,149430,2870,NaN,NaN,NaN
2017-01-26,NaN,NaN,142822,3778,NaN,NaN,NaN
2017-02-03,NaN,NaN,82082,2592,NaN,NaN,NaN
2017-02-06,NaN,NaN,190770,1814,NaN,NaN,NaN
2017-02-07,NaN,NaN,160366,1368,NaN,NaN,NaN
2017-02-08,NaN,NaN,142374,2048,NaN,NaN,NaN
2017-02-09,NaN,NaN,148408,1784,NaN,NaN,NaN
2017-02-10,NaN,NaN,220922,2092,NaN,NaN,NaN
2017-02-13,NaN,NaN,197398,5712,NaN,NaN,NaN
2017-02-14,NaN,NaN,163040,4092,NaN,NaN,NaN
2017-02-15,NaN,NaN,188556,3574,NaN,NaN,NaN
2017-02-16,NaN,NaN,224336,3196,NaN,NaN,NaN
2017-02-17,NaN,NaN,155914,3476,NaN,NaN,NaN
2017-02-20,NaN,NaN,148746,4258,NaN,NaN,NaN
2017-02-21,NaN,NaN,99214,4330,NaN,NaN,NaN
2017-02-22,NaN,NaN,159914,2720,NaN,NaN,NaN
2017-02-23,NaN,NaN,153238,3100,NaN,NaN,NaN
2017-02-24,NaN,NaN,273622,4010,NaN,NaN,NaN
2017-02-27,NaN,NaN,180334,5642,NaN,NaN,NaN
2017-02-28,NaN,NaN,160636,3576,NaN,NaN,NaN
2017-03-01,NaN,NaN,209236,6762,NaN,NaN,NaN
2017-03-02,NaN,NaN,170848,2558,NaN,NaN,NaN
2017-03-03,NaN,NaN,238202,3130,NaN,NaN,NaN
2017-03-06,NaN,NaN,182046,6168,NaN,NaN,NaN
2017-03-07,NaN,NaN,137414,2600,NaN,NaN,NaN
2017-03-08,NaN,NaN,174404,8304,NaN,NaN,NaN
2017-03-09,NaN,NaN,213736,8386,NaN,NaN,NaN
2017-03-10,NaN,NaN,200774,8182,NaN,NaN,NaN
2017-03-13,NaN,NaN,247398,8710,NaN,NaN,NaN
2017-03-14,NaN,NaN,129460,3710,NaN,NaN,NaN
2017-03-15,NaN,NaN,150980,3348,NaN,NaN,NaN
2017-03-16,NaN,NaN,261416,10760,NaN,NaN,NaN
2017-03-17,NaN,NaN,137970,4084,NaN,NaN,NaN
2017-03-20,NaN,NaN,138722,6502,NaN,NaN,NaN
2017-03-21,NaN,NaN,167944,9308,NaN,NaN,NaN
2017-03-22,NaN,NaN,244648,8526,NaN,NaN,NaN
2017-03-23,NaN,NaN,164432,6356,NaN,NaN,NaN
2017-03-24,NaN,NaN,184200,5980,NaN,NaN,NaN
2017-03-27,NaN,NaN,162888,7488,NaN,NaN,NaN
2017-03-28,NaN,NaN,148832,8642,NaN,NaN,NaN
2017-03-29,NaN,NaN,159592,9150,NaN,NaN,NaN
2017-03-30,NaN,NaN,126756,6954,NaN,NaN,NaN
2017-03-31,NaN,NaN,178510,9366,NaN,NaN,NaN
2017-04-05,NaN,NaN,74992,7400,NaN,NaN,NaN
2017-04-06,NaN,NaN,198064,13856,NaN,NaN,NaN
2017-04-07,NaN,NaN,294194,29718,NaN,NaN,NaN
2017-04-10,NaN,NaN,254310,22932,NaN,NaN,NaN
2017-04-11,NaN,NaN,169940,12806,NaN,NaN,NaN
2017-04-12,NaN,NaN,316430,22048,NaN,NaN,NaN
2017-04-13,NaN,NaN,242774,35872,NaN,NaN,NaN
2017-04-14,NaN,NaN,152170,17058,NaN,NaN,NaN
2017-04-17,NaN,NaN,196830,34504,NaN,NaN,NaN
2017-04-18,NaN,NaN,194112,40722,NaN,NaN,NaN
2017-04-19,NaN,NaN,250222,31598,NaN,NaN,NaN
2017-04-20,NaN,NaN,216358,34880,NaN,NaN,NaN
2017-04-21,NaN,NaN,170642,14380,NaN,NaN,NaN
2017-04-24,NaN,NaN,310052,37762,NaN,NaN,NaN
2017-04-25,NaN,NaN,166292,28280,NaN,NaN,NaN
2017-04-26,NaN,NaN,183112,30530,NaN,NaN,NaN
2017-04-27,NaN,NaN,154594,31178,NaN,NaN,NaN
2017-04-28,NaN,NaN,129946,32364,NaN,NaN,NaN
2017-05-02,NaN,NaN,88702,39920,NaN,NaN,NaN
2017-05-03,NaN,NaN,67824,30714,NaN,NaN,NaN
2017-05-04,NaN,NaN,149004,92606,NaN,NaN,NaN
2017-05-05,NaN,NaN,105704,102698,NaN,NaN,NaN
2017-05-08,NaN,NaN,68168,86346,NaN,NaN,NaN
2017-05-09,NaN,NaN,50856,128798,NaN,NaN,NaN
2017-05-10,NaN,NaN,38072,118918,NaN,NaN,NaN
2017-05-11,NaN,NaN,25208,92586,NaN,NaN,NaN
2017-05-12,NaN,NaN,25278,119980,NaN,NaN,NaN
2017-05-15,NaN,NaN,24588,124840,NaN,NaN,NaN
2017-05-16,NaN,NaN,20452,118992,48,NaN,NaN
2017-05-17,NaN,NaN,22394,133590,14,NaN,NaN
2017-05-18,NaN,NaN,31378,230310,22,NaN,NaN
2017-05-19,NaN,NaN,26120,186950,16,NaN,NaN
2017-05-22,NaN,NaN,12136,114482,30,NaN,NaN
2017-05-23,NaN,NaN,12494,123256,18,NaN,NaN
2017-05-24,NaN,NaN,12740,170178,42,NaN,NaN
2017-05-25,NaN,NaN,9958,136700,16,NaN,NaN
2017-05-26,NaN,NaN,9780,104532,20,NaN,NaN
2017-05-31,NaN,NaN,8156,74258,30,NaN,NaN
2017-06-01,NaN,NaN,3702,157458,48,NaN,NaN
2017-06-02,NaN,NaN,1728,129192,52,NaN,NaN
2017-06-05,NaN,NaN,1854,215452,78,NaN,NaN
2017-06-06,NaN,NaN,2238,135910,130,NaN,NaN
2017-06-07,NaN,NaN,636,138618,168,NaN,NaN
2017-06-08,NaN,NaN,702,141700,96,NaN,NaN
2017-06-09,NaN,NaN,888,223770,294,NaN,NaN
2017-06-12,NaN,NaN,1122,151544,420,NaN,NaN
2017-06-13,NaN,NaN,372,105884,118,NaN,NaN
2017-06-14,NaN,NaN,54,131122,238,NaN,NaN
2017-06-15,NaN,NaN,36,238286,224,NaN,NaN
2017-06-16,NaN,NaN,NaN,147956,2366,NaN,NaN
2017-06-19,NaN,NaN,NaN,99854,1990,NaN,NaN
2017-06-20,NaN,NaN,NaN,111782,4408,NaN,NaN
2017-06-21,NaN,NaN,NaN,104238,1196,NaN,NaN
2017-06-22,NaN,NaN,NaN,135198,450,NaN,NaN
2017-06-23,NaN,NaN,NaN,119404,266,NaN,NaN
2017-06-26,NaN,NaN,NaN,78260,212,NaN,NaN
2017-06-27,NaN,NaN,NaN,170412,730,NaN,NaN
2017-06-28,NaN,NaN,NaN,168850,1002,NaN,NaN
2017-06-29,NaN,NaN,NaN,158992,1142,NaN,NaN
2017-06-30,NaN,NaN,NaN,221690,1812,NaN,NaN
2017-07-03,NaN,NaN,NaN,142246,584,NaN,NaN
2017-07-04,NaN,NaN,NaN,190506,880,NaN,NaN
2017-07-05,NaN,NaN,NaN,102604,3090,NaN,NaN
2017-07-06,NaN,NaN,NaN,129270,1282,NaN,NaN
2017-07-07,NaN,NaN,NaN,115020,718,NaN,NaN
2017-07-10,NaN,NaN,NaN,241862,1980,NaN,NaN
2017-07-11,NaN,NaN,NaN,139294,800,NaN,NaN
2017-07-12,NaN,NaN,NaN,156136,734,NaN,NaN
2017-07-13,NaN,NaN,NaN,154644,852,NaN,NaN
2017-07-14,NaN,NaN,NaN,113550,568,NaN,NaN
2017-07-17,NaN,NaN,NaN,163458,880,NaN,NaN
2017-07-18,NaN,NaN,NaN,125924,1150,NaN,NaN
2017-07-19,NaN,NaN,NaN,113988,408,NaN,NaN
2017-07-20,NaN,NaN,NaN,100138,470,NaN,NaN
2017-07-21,NaN,NaN,NaN,173552,2092,NaN,NaN
2017-07-24,NaN,NaN,NaN,124830,378,NaN,NaN
2017-07-25,NaN,NaN,NaN,99046,234,NaN,NaN
2017-07-26,NaN,NaN,NaN,142662,1486,NaN,NaN
2017-07-27,NaN,NaN,NaN,164112,754,NaN,NaN
2017-07-28,NaN,NaN,NaN,149302,3220,NaN,NaN
2017-07-31,NaN,NaN,NaN,147076,930,NaN,NaN
2017-08-01,NaN,NaN,NaN,92472,686,NaN,NaN
2017-08-02,NaN,NaN,NaN,160750,636,NaN,NaN
2017-08-03,NaN,NaN,NaN,147540,844,NaN,NaN
2017-08-04,NaN,NaN,NaN,143116,1220,NaN,NaN
2017-08-07,NaN,NaN,NaN,175064,1064,NaN,NaN
2017-08-08,NaN,NaN,NaN,112310,1184,NaN,NaN
2017-08-09,NaN,NaN,NaN,186480,1906,NaN,NaN
2017-08-10,NaN,NaN,NaN,187428,2156,NaN,NaN
2017-08-11,NaN,NaN,NaN,222826,2592,NaN,NaN
2017-08-14,NaN,NaN,NaN,175078,848,NaN,NaN
2017-08-15,NaN,NaN,NaN,182520,1388,NaN,NaN
2017-08-16,NaN,NaN,NaN,119916,2948,NaN,NaN
2017-08-17,NaN,NaN,NaN,192184,3862,NaN,NaN
2017-08-18,NaN,NaN,NaN,144594,1546,NaN,NaN
2017-08-21,NaN,NaN,NaN,238136,3184,NaN,NaN
2017-08-22,NaN,NaN,NaN,149470,1754,NaN,NaN
2017-08-23,NaN,NaN,NaN,148734,2168,NaN,NaN
2017-08-24,NaN,NaN,NaN,119042,1418,NaN,NaN
2017-08-25,NaN,NaN,NaN,111830,2574,NaN,NaN
2017-08-28,NaN,NaN,NaN,263900,3602,NaN,NaN
2017-08-29,NaN,NaN,NaN,215014,3646,NaN,NaN
2017-08-30,NaN,NaN,NaN,220274,4032,NaN,NaN
2017-08-31,NaN,NaN,NaN,141360,2346,NaN,NaN
2017-09-01,NaN,NaN,NaN,173324,2066,NaN,NaN
2017-09-04,NaN,NaN,NaN,248002,5298,NaN,NaN
2017-09-05,NaN,NaN,NaN,118342,2272,NaN,NaN
2017-09-06,NaN,NaN,NaN,167572,3402,NaN,NaN
2017-09-07,NaN,NaN,NaN,171472,4586,NaN,NaN
2017-09-08,NaN,NaN,NaN,234876,5224,NaN,NaN
2017-09-11,NaN,NaN,NaN,205840,3958,NaN,NaN
2017-09-12,NaN,NaN,NaN,138828,3084,NaN,NaN
2017-09-13,NaN,NaN,NaN,105588,2658,NaN,NaN
2017-09-14,NaN,NaN,NaN,152354,3936,NaN,NaN
2017-09-15,NaN,NaN,NaN,148056,4426,NaN,NaN
2017-09-18,NaN,NaN,NaN,166142,3514,NaN,NaN
2017-09-19,NaN,NaN,NaN,146266,5570,NaN,NaN
2017-09-20,NaN,NaN,NaN,93828,1668,NaN,NaN
2017-09-21,NaN,NaN,NaN,196020,3776,NaN,NaN
2017-09-22,NaN,NaN,NaN,152812,4712,NaN,NaN
2017-09-25,NaN,NaN,NaN,101102,4946,NaN,NaN
2017-09-26,NaN,NaN,NaN,209918,6268,NaN,NaN
2017-09-27,NaN,NaN,NaN,177298,3930,NaN,NaN
2017-09-28,NaN,NaN,NaN,157036,6502,NaN,NaN
2017-09-29,NaN,NaN,NaN,99056,2882,NaN,NaN
2017-10-09,NaN,NaN,NaN,96730,6408,NaN,NaN
2017-10-10,NaN,NaN,NaN,89448,3856,NaN,NaN
2017-10-11,NaN,NaN,NaN,102690,3432,NaN,NaN
2017-10-12,NaN,NaN,NaN,106566,7520,NaN,NaN
2017-10-13,NaN,NaN,NaN,81608,5458,NaN,NaN
2017-10-16,NaN,NaN,NaN,122152,14766,NaN,NaN
2017-10-17,NaN,NaN,NaN,132882,22118,NaN,NaN
2017-10-18,NaN,NaN,NaN,109406,17860,NaN,NaN
2017-10-19,NaN,NaN,NaN,108490,17566,NaN,NaN
2017-10-20,NaN,NaN,NaN,116690,14366,NaN,NaN
2017-10-23,NaN,NaN,NaN,123402,15886,NaN,NaN
2017-10-24,NaN,NaN,NaN,102460,11784,NaN,NaN
2017-10-25,NaN,NaN,NaN,105748,11384,NaN,NaN
2017-10-26,NaN,NaN,NaN,127364,16648,NaN,NaN
2017-10-27,NaN,NaN,NaN,146570,25810,NaN,NaN
2017-10-30,NaN,NaN,NaN,132546,17600,NaN,NaN
2017-10-31,NaN,NaN,NaN,129702,42752,NaN,NaN
2017-11-01,NaN,NaN,NaN,107352,33460,NaN,NaN
2017-11-02,NaN,NaN,NaN,82780,27222,NaN,NaN
2017-11-03,NaN,NaN,NaN,81612,34282,NaN,NaN
2017-11-06,NaN,NaN,NaN,95554,47652,NaN,NaN
2017-11-07,NaN,NaN,NaN,81728,33612,NaN,NaN
2017-11-08,NaN,NaN,NaN,63420,37380,NaN,NaN
2017-11-09,NaN,NaN,NaN,82990,64840,NaN,NaN
2017-11-10,NaN,NaN,NaN,69020,58324,NaN,NaN
2017-11-13,NaN,NaN,NaN,63550,43774,NaN,NaN
2017-11-14,NaN,NaN,NaN,41322,36148,NaN,NaN
2017-11-15,NaN,NaN,NaN,81570,82062,NaN,NaN
2017-11-16,NaN,NaN,NaN,55378,109230,196,NaN
2017-11-17,NaN,NaN,NaN,42250,83458,22,NaN
2017-11-20,NaN,NaN,NaN,48088,124816,24,NaN
2017-11-21,NaN,NaN,NaN,37980,125686,50,NaN
2017-11-22,NaN,NaN,NaN,25608,98470,16,NaN
2017-11-23,NaN,NaN,NaN,19470,92712,28,NaN
2017-11-24,NaN,NaN,NaN,16312,61598,12,NaN
2017-11-27,NaN,NaN,NaN,12152,75548,28,NaN
2017-11-28,NaN,NaN,NaN,21518,141338,4,NaN
2017-11-29,NaN,NaN,NaN,13802,89514,4,NaN
2017-11-30,NaN,NaN,NaN,15030,160322,20,NaN
2017-12-01,NaN,NaN,NaN,4358,116132,46,NaN
2017-12-04,NaN,NaN,NaN,2808,158454,58,NaN
2017-12-05,NaN,NaN,NaN,900,77562,18,NaN
2017-12-06,NaN,NaN,NaN,1158,151124,82,NaN
2017-12-07,NaN,NaN,NaN,696,128306,24,NaN
2017-12-08,NaN,NaN,NaN,288,115350,112,NaN
2017-12-11,NaN,NaN,NaN,2370,112536,76,NaN
2017-12-12,NaN,NaN,NaN,3612,77378,80,NaN
2017-12-13,NaN,NaN,NaN,390,77742,26,NaN
2017-12-14,NaN,NaN,NaN,144,148848,50,NaN
2017-12-15,NaN,NaN,NaN,30,84622,40,NaN
2017-12-18,NaN,NaN,NaN,NaN,110138,466,NaN
2017-12-19,NaN,NaN,NaN,NaN,107556,176,NaN
2017-12-20,NaN,NaN,NaN,NaN,73426,144,NaN
2017-12-21,NaN,NaN,NaN,NaN,87822,142,NaN
2017-12-22,NaN,NaN,NaN,NaN,64172,82,NaN
2017-12-25,NaN,NaN,NaN,NaN,85190,112,NaN
2017-12-26,NaN,NaN,NaN,NaN,41718,70,NaN
2017-12-27,NaN,NaN,NaN,NaN,71938,32,NaN
2017-12-28,NaN,NaN,NaN,NaN,75412,232,NaN
2017-12-29,NaN,NaN,NaN,NaN,70460,202,NaN
2018-01-02,NaN,NaN,NaN,NaN,54760,114,NaN
2018-01-03,NaN,NaN,NaN,NaN,120498,2696,NaN
2018-01-04,NaN,NaN,NaN,NaN,115606,3682,NaN
2018-01-05,NaN,NaN,NaN,NaN,131968,3674,NaN
2018-01-08,NaN,NaN,NaN,NaN,122670,3892,NaN
2018-01-09,NaN,NaN,NaN,NaN,97146,4446,NaN
2018-01-10,NaN,NaN,NaN,NaN,100630,4352,NaN
2018-01-11,NaN,NaN,NaN,NaN,107986,1262,NaN
2018-01-12,NaN,NaN,NaN,NaN,107150,1078,NaN
2018-01-15,NaN,NaN,NaN,NaN,154100,1084,NaN
2018-01-16,NaN,NaN,NaN,NaN,73686,592,NaN
2018-01-17,NaN,NaN,NaN,NaN,120036,1892,NaN
2018-01-18,NaN,NaN,NaN,NaN,120704,1060,NaN
2018-01-19,NaN,NaN,NaN,NaN,123998,2832,NaN
2018-01-22,NaN,NaN,NaN,NaN,91784,2326,NaN
2018-01-23,NaN,NaN,NaN,NaN,106384,1754,NaN
2018-01-24,NaN,NaN,NaN,NaN,129994,3202,NaN
2018-01-25,NaN,NaN,NaN,NaN,147606,5290,NaN
2018-01-26,NaN,NaN,NaN,NaN,160632,3322,NaN
2018-01-29,NaN,NaN,NaN,NaN,116526,2346,NaN
2018-01-30,NaN,NaN,NaN,NaN,142162,2948,NaN
2018-01-31,NaN,NaN,NaN,NaN,130220,1832,NaN
2018-02-01,NaN,NaN,NaN,NaN,107992,1568,NaN
2018-02-02,NaN,NaN,NaN,NaN,95114,2316,NaN
2018-02-05,NaN,NaN,NaN,NaN,179670,3674,NaN
2018-02-06,NaN,NaN,NaN,NaN,165138,2272,NaN
2018-02-07,NaN,NaN,NaN,NaN,173706,2744,NaN
2018-02-08,NaN,NaN,NaN,NaN,169214,1992,NaN
2018-02-09,NaN,NaN,NaN,NaN,153838,1238,NaN
2018-02-12,NaN,NaN,NaN,NaN,165634,1614,NaN
2018-02-13,NaN,NaN,NaN,NaN,106204,1562,NaN
2018-02-14,NaN,NaN,NaN,NaN,101596,1452,NaN
2018-02-22,NaN,NaN,NaN,NaN,69122,3256,NaN
2018-02-23,NaN,NaN,NaN,NaN,89858,1240,NaN
2018-02-26,NaN,NaN,NaN,NaN,105090,1732,NaN
2018-02-27,NaN,NaN,NaN,NaN,109948,1458,NaN
2018-02-28,NaN,NaN,NaN,NaN,164380,3078,NaN
2018-03-01,NaN,NaN,NaN,NaN,96650,2486,NaN
2018-03-02,NaN,NaN,NaN,NaN,176954,2934,NaN
2018-03-05,NaN,NaN,NaN,NaN,128004,3222,NaN
2018-03-06,NaN,NaN,NaN,NaN,81380,1810,NaN
2018-03-07,NaN,NaN,NaN,NaN,159050,7362,NaN
2018-03-08,NaN,NaN,NaN,NaN,130368,4226,NaN
2018-03-09,NaN,NaN,NaN,NaN,119300,3338,NaN
2018-03-12,NaN,NaN,NaN,NaN,155822,6642,NaN
2018-03-13,NaN,NaN,NaN,NaN,91312,3484,NaN
2018-03-14,NaN,NaN,NaN,NaN,144588,5690,NaN
2018-03-15,NaN,NaN,NaN,NaN,86940,2808,NaN
2018-03-16,NaN,NaN,NaN,NaN,112028,5128,NaN
2018-03-19,NaN,NaN,NaN,NaN,133874,6212,NaN
2018-03-20,NaN,NaN,NaN,NaN,94422,5378,NaN
2018-03-21,NaN,NaN,NaN,NaN,104436,4162,NaN
2018-03-22,NaN,NaN,NaN,NaN,214702,12164,NaN
2018-03-23,NaN,NaN,NaN,NaN,222076,14084,NaN
2018-03-26,NaN,NaN,NaN,NaN,176800,7986,NaN
2018-03-27,NaN,NaN,NaN,NaN,132922,9046,NaN
2018-03-28,NaN,NaN,NaN,NaN,137984,8648,NaN
2018-03-29,NaN,NaN,NaN,NaN,197124,23856,NaN
2018-03-30,NaN,NaN,NaN,NaN,77390,6488,NaN
2018-04-02,NaN,NaN,NaN,NaN,73540,5032,NaN
2018-04-03,NaN,NaN,NaN,NaN,159884,13982,NaN
2018-04-04,NaN,NaN,NaN,NaN,139306,9216,NaN
2018-04-09,NaN,NaN,NaN,NaN,63718,7596,NaN
2018-04-10,NaN,NaN,NaN,NaN,119642,13818,NaN
2018-04-11,NaN,NaN,NaN,NaN,144666,16316,NaN
2018-04-12,NaN,NaN,NaN,NaN,281170,36794,NaN
2018-04-13,NaN,NaN,NaN,NaN,170916,21364,NaN
2018-04-16,NaN,NaN,NaN,NaN,175852,19730,NaN
2018-04-17,NaN,NaN,NaN,NaN,109886,15204,NaN
2018-04-18,NaN,NaN,NaN,NaN,123876,17536,NaN
2018-04-19,NaN,NaN,NaN,NaN,155956,25108,NaN
2018-04-20,NaN,NaN,NaN,NaN,142614,24458,NaN
2018-04-23,NaN,NaN,NaN,NaN,185234,65480,NaN
2018-04-24,NaN,NaN,NaN,NaN,154496,57854,NaN
2018-04-25,NaN,NaN,NaN,NaN,134470,38628,NaN
2018-04-26,NaN,NaN,NaN,NaN,112116,47328,NaN
2018-04-27,NaN,NaN,NaN,NaN,167128,58148,NaN
2018-05-02,NaN,NaN,NaN,NaN,80522,57980,NaN
2018-05-03,NaN,NaN,NaN,NaN,118292,98418,NaN
2018-05-04,NaN,NaN,NaN,NaN,98532,89614,NaN
2018-05-07,NaN,NaN,NaN,NaN,71462,94876,NaN
2018-05-08,NaN,NaN,NaN,NaN,38298,89848,NaN
2018-05-09,NaN,NaN,NaN,NaN,39580,145340,NaN
2018-05-10,NaN,NaN,NaN,NaN,18988,112892,NaN
2018-05-11,NaN,NaN,NaN,NaN,19086,98314,NaN
2018-05-14,NaN,NaN,NaN,NaN,14966,68000,NaN
2018-05-15,NaN,NaN,NaN,NaN,13670,84694,NaN
2018-05-16,NaN,NaN,NaN,NaN,24518,143926,22
2018-05-17,NaN,NaN,NaN,NaN,16174,112742,20
2018-05-18,NaN,NaN,NaN,NaN,10262,87276,10
2018-05-21,NaN,NaN,NaN,NaN,14720,131962,0
2018-05-22,NaN,NaN,NaN,NaN,16764,101034,6
2018-05-23,NaN,NaN,NaN,NaN,12200,105426,6
2018-05-24,NaN,NaN,NaN,NaN,24812,150568,12
2018-05-25,NaN,NaN,NaN,NaN,12052,137342,4
2018-05-28,NaN,NaN,NaN,NaN,8922,126806,22
2018-05-29,NaN,NaN,NaN,NaN,7576,82968,8
2018-05-30,NaN,NaN,NaN,NaN,8368,183800,14
2018-05-31,NaN,NaN,NaN,NaN,5304,93610,18
2018-06-01,NaN,NaN,NaN,NaN,2450,122792,14
2018-06-04,NaN,NaN,NaN,NaN,960,103898,26
2018-06-05,NaN,NaN,NaN,NaN,1206,84728,40
2018-06-06,NaN,NaN,NaN,NaN,1026,109980,14
2018-06-07,NaN,NaN,NaN,NaN,1536,79982,6
2018-06-08,NaN,NaN,NaN,NaN,240,106106,4
2018-06-11,NaN,NaN,NaN,NaN,462,111914,44
2018-06-12,NaN,NaN,NaN,NaN,1080,104024,10
2018-06-13,NaN,NaN,NaN,NaN,42,79628,84
2018-06-14,NaN,NaN,NaN,NaN,18,126162,60
2018-06-15,NaN,NaN,NaN,NaN,18,133752,100
2018-06-19,NaN,NaN,NaN,NaN,NaN,87632,84
2018-06-20,NaN,NaN,NaN,NaN,NaN,108996,32
2018-06-21,NaN,NaN,NaN,NaN,NaN,119712,62
2018-06-22,NaN,NaN,NaN,NaN,NaN,90424,58
2018-06-25,NaN,NaN,NaN,NaN,NaN,130972,164
2018-06-26,NaN,NaN,NaN,NaN,NaN,98760,106
2018-06-27,NaN,NaN,NaN,NaN,NaN,111946,82
2018-06-28,NaN,NaN,NaN,NaN,NaN,90456,122
2018-06-29,NaN,NaN,NaN,NaN,NaN,97584,34
2018-07-02,NaN,NaN,NaN,NaN,NaN,94590,48
2018-07-03,NaN,NaN,NaN,NaN,NaN,123536,82
2018-07-04,NaN,NaN,NaN,NaN,NaN,145476,166
2018-07-05,NaN,NaN,NaN,NaN,NaN,89982,60
2018-07-06,NaN,NaN,NaN,NaN,NaN,108998,338
2018-07-09,NaN,NaN,NaN,NaN,NaN,88894,3016
2018-07-10,NaN,NaN,NaN,NaN,NaN,95614,268
2018-07-11,NaN,NaN,NaN,NaN,NaN,101934,228
2018-07-12,NaN,NaN,NaN,NaN,NaN,94882,218
2018-07-13,NaN,NaN,NaN,NaN,NaN,68156,120
2018-07-16,NaN,NaN,NaN,NaN,NaN,69242,64
2018-07-17,NaN,NaN,NaN,NaN,NaN,99132,172
2018-07-18,NaN,NaN,NaN,NaN,NaN,181010,360
2018-07-19,NaN,NaN,NaN,NaN,NaN,105332,306
2018-07-20,NaN,NaN,NaN,NaN,NaN,132416,538
2018-07-23,NaN,NaN,NaN,NaN,NaN,107080,342
2018-07-24,NaN,NaN,NaN,NaN,NaN,104896,338
2018-07-25,NaN,NaN,NaN,NaN,NaN,75446,294
2018-07-26,NaN,NaN,NaN,NaN,NaN,94872,278
2018-07-27,NaN,NaN,NaN,NaN,NaN,88686,144
2018-07-30,NaN,NaN,NaN,NaN,NaN,77966,512
2018-07-31,NaN,NaN,NaN,NaN,NaN,67996,304
2018-08-01,NaN,NaN,NaN,NaN,NaN,122992,182
2018-08-02,NaN,NaN,NaN,NaN,NaN,93806,164
2018-08-03,NaN,NaN,NaN,NaN,NaN,86800,600
2018-08-06,NaN,NaN,NaN,NaN,NaN,109278,1074
2018-08-07,NaN,NaN,NaN,NaN,NaN,74168,354
2018-08-08,NaN,NaN,NaN,NaN,NaN,112194,622
2018-08-09,NaN,NaN,NaN,NaN,NaN,87262,942
2018-08-10,NaN,NaN,NaN,NaN,NaN,81740,536
2018-08-13,NaN,NaN,NaN,NaN,NaN,113674,622
2018-08-14,NaN,NaN,NaN,NaN,NaN,148122,902
2018-08-15,NaN,NaN,NaN,NaN,NaN,97428,636
2018-08-16,NaN,NaN,NaN,NaN,NaN,237028,1558
2018-08-17,NaN,NaN,NaN,NaN,NaN,130468,654
2018-08-20,NaN,NaN,NaN,NaN,NaN,91574,456
2018-08-21,NaN,NaN,NaN,NaN,NaN,94642,332
2018-08-22,NaN,NaN,NaN,NaN,NaN,103968,494
2018-08-23,NaN,NaN,NaN,NaN,NaN,89684,690
2018-08-24,NaN,NaN,NaN,NaN,NaN,82384,658
2018-08-27,NaN,NaN,NaN,NaN,NaN,125174,650
2018-08-28,NaN,NaN,NaN,NaN,NaN,79354,398
2018-08-29,NaN,NaN,NaN,NaN,NaN,93472,586
2018-08-30,NaN,NaN,NaN,NaN,NaN,77472,682
2018-08-31,NaN,NaN,NaN,NaN,NaN,111716,944
2018-09-03,NaN,NaN,NaN,NaN,NaN,89258,1030
2018-09-04,NaN,NaN,NaN,NaN,NaN,66944,680
2018-09-05,NaN,NaN,NaN,NaN,NaN,88146,1652
2018-09-06,NaN,NaN,NaN,NaN,NaN,83454,1322
2018-09-07,NaN,NaN,NaN,NaN,NaN,113874,1172
2018-09-10,NaN,NaN,NaN,NaN,NaN,100898,1990
2018-09-11,NaN,NaN,NaN,NaN,NaN,67076,542
2018-09-12,NaN,NaN,NaN,NaN,NaN,99166,1274
2018-09-13,NaN,NaN,NaN,NaN,NaN,116310,1052
2018-09-14,NaN,NaN,NaN,NaN,NaN,142808,1410
2018-09-17,NaN,NaN,NaN,NaN,NaN,105902,824
2018-09-18,NaN,NaN,NaN,NaN,NaN,91380,1454
2018-09-19,NaN,NaN,NaN,NaN,NaN,77474,1214
2018-09-20,NaN,NaN,NaN,NaN,NaN,87642,3030
2018-09-21,NaN,NaN,NaN,NaN,NaN,95930,2478
2018-09-25,NaN,NaN,NaN,NaN,NaN,56136,1854
2018-09-26,NaN,NaN,NaN,NaN,NaN,70508,1430
2018-09-27,NaN,NaN,NaN,NaN,NaN,107108,2114
2018-09-28,NaN,NaN,NaN,NaN,NaN,132906,6336
2018-10-08,NaN,NaN,NaN,NaN,NaN,77522,4214
2018-10-09,NaN,NaN,NaN,NaN,NaN,106262,8382
2018-10-10,NaN,NaN,NaN,NaN,NaN,99802,4680
2018-10-11,NaN,NaN,NaN,NaN,NaN,152014,6528
2018-10-12,NaN,NaN,NaN,NaN,NaN,292244,14288
2018-10-15,NaN,NaN,NaN,NaN,NaN,171490,9376
2018-10-16,NaN,NaN,NaN,NaN,NaN,154004,12830
2018-10-17,NaN,NaN,NaN,NaN,NaN,123992,14042
2018-10-18,NaN,NaN,NaN,NaN,NaN,135758,10192
2018-10-19,NaN,NaN,NaN,NaN,NaN,185180,15882
2018-10-22,NaN,NaN,NaN,NaN,NaN,110412,10338
2018-10-23,NaN,NaN,NaN,NaN,NaN,139484,13896
2018-10-24,NaN,NaN,NaN,NaN,NaN,199308,25192
2018-10-25,NaN,NaN,NaN,NaN,NaN,175852,26254
2018-10-26,NaN,NaN,NaN,NaN,NaN,148646,19528
2018-10-29,NaN,NaN,NaN,NaN,NaN,256378,27640
2018-10-30,NaN,NaN,NaN,NaN,NaN,153456,30956
2018-10-31,NaN,NaN,NaN,NaN,NaN,192764,51100
2018-11-01,NaN,NaN,NaN,NaN,NaN,135758,59112
2018-11-02,NaN,NaN,NaN,NaN,NaN,156600,83730
2018-11-05,NaN,NaN,NaN,NaN,NaN,96254,55580
2018-11-06,NaN,NaN,NaN,NaN,NaN,85740,50734
2018-11-07,NaN,NaN,NaN,NaN,NaN,104606,75428
2018-11-08,NaN,NaN,NaN,NaN,NaN,65262,58390
2018-11-09,NaN,NaN,NaN,NaN,NaN,72402,65422
2018-11-12,NaN,NaN,NaN,NaN,NaN,82062,119420
2018-11-13,NaN,NaN,NaN,NaN,NaN,39492,96610
2018-11-14,NaN,NaN,NaN,NaN,NaN,37360,115628
2018-11-15,NaN,NaN,NaN,NaN,NaN,31902,108868
2018-11-16,NaN,NaN,NaN,NaN,NaN,24572,124384
2018-11-19,NaN,NaN,NaN,NaN,NaN,32836,148594
2018-11-20,NaN,NaN,NaN,NaN,NaN,25106,102492
2018-11-21,NaN,NaN,NaN,NaN,NaN,18964,124620
2018-11-22,NaN,NaN,NaN,NaN,NaN,17004,103356
2018-11-23,NaN,NaN,NaN,NaN,NaN,11486,64856
2018-11-26,NaN,NaN,NaN,NaN,NaN,13540,103560
2018-11-27,NaN,NaN,NaN,NaN,NaN,10846,87732
2018-11-28,NaN,NaN,NaN,NaN,NaN,11082,146380
2018-11-29,NaN,NaN,NaN,NaN,NaN,6550,153582
2018-11-30,NaN,NaN,NaN,NaN,NaN,6294,107410
2018-12-03,NaN,NaN,NaN,NaN,NaN,1830,156940
2018-12-04,NaN,NaN,NaN,NaN,NaN,924,150018
2018-12-05,NaN,NaN,NaN,NaN,NaN,1560,107694
2018-12-06,NaN,NaN,NaN,NaN,NaN,1020,147522
2018-12-07,NaN,NaN,NaN,NaN,NaN,1194,173004
2018-12-10,NaN,NaN,NaN,NaN,NaN,1374,235966
2018-12-11,NaN,NaN,NaN,NaN,NaN,540,124962
2018-12-12,NaN,NaN,NaN,NaN,NaN,1422,122580
2018-12-13,NaN,NaN,NaN,NaN,NaN,294,94850
2018-12-14,NaN,NaN,NaN,NaN,NaN,0,96230
2018-12-17,NaN,NaN,NaN,NaN,NaN,0,99312
2018-12-18,NaN,NaN,NaN,NaN,NaN,NaN,100036
2018-12-19,NaN,NaN,NaN,NaN,NaN,NaN,98696
2018-12-20,NaN,NaN,NaN,NaN,NaN,NaN,216128
2018-12-21,NaN,NaN,NaN,NaN,NaN,NaN,204216
2018-12-24,NaN,NaN,NaN,NaN,NaN,NaN,148724
2018-12-25,NaN,NaN,NaN,NaN,NaN,NaN,136042
2018-12-26,NaN,NaN,NaN,NaN,NaN,NaN,90834
2018-12-27,NaN,NaN,NaN,NaN,NaN,NaN,192058
2018-12-28,NaN,NaN,NaN,NaN,NaN,NaN,171054
2019-01-02,NaN,NaN,NaN,NaN,NaN,NaN,91402
2019-01-03,NaN,NaN,NaN,NaN,NaN,NaN,198374
2019-01-04,NaN,NaN,NaN,NaN,NaN,NaN,217562
2019-01-07,NaN,NaN,NaN,NaN,NaN,NaN,280434
2019-01-08,NaN,NaN,NaN,NaN,NaN,NaN,193804
2019-01-09,NaN,NaN,NaN,NaN,NaN,NaN,184668
2019-01-10,NaN,NaN,NaN,NaN,NaN,NaN,223516
2019-01-11,NaN,NaN,NaN,NaN,NaN,NaN,204814


数据来源：Wind
